rank,prev_rank,name,league,off,def,spi
1,1,Manchester City,Barclays Premier League,2.93,0.31,92.37
2,2,Bayern Munich,German Bundesliga,3.09,0.62,88.94
3,3,Barcelona,Spanish Primera Division,2.35,0.31,87.8
4,4,Real Madrid,Spanish Primera Division,2.7,0.6,85.81
5,5,Liverpool,Barclays Premier League,2.67,0.71,83.53
6,9,Newcastle,Barclays Premier League,2.37,0.55,83.22
7,7,Arsenal,Barclays Premier League,2.61,0.7,83.17
8,6,Napoli,Italy Serie A,2.32,0.54,82.84
9,8,Brighton and Hove Albion,Barclays Premier League,2.47,0.65,82.47
10,10,Atletico Madrid,Spanish Primera Division,2.22,0.56,81.2
11,12,Borussia Dortmund,German Bundesliga,2.55,0.85,79.41
12,13,Benfica,Portuguese Liga,2.32,0.72,79.15
13,11,Paris Saint-Germain,French Ligue 1,2.55,0.89,78.59
14,17,Internazionale,Italy Serie A,2.33,0.76,78.42
15,15,RB Leipzig,German Bundesliga,2.24,0.71,78.29
16,16,Manchester United,Barclays Premier League,2.27,0.74,78.05
17,14,Chelsea,Barclays Premier League,1.96,0.56,77.46
18,18,Bayer Leverkusen,German Bundesliga,2.13,0.68,77.26
19,19,Aston Villa,Barclays Premier League,1.95,0.58,76.82
20,20,Lille,French Ligue 1,2.12,0.7,76.7
21,29,Zenit St Petersburg,Russian Premier Liga,2.08,0.7,76.02
22,23,Ajax,Dutch Eredivisie,2.57,1.04,75.96
23,26,Celtic,Scottish Premiership,2.53,1.02,75.85
24,25,AS Roma,Italy Serie A,1.94,0.63,75.46
25,22,Sporting CP,Portuguese Liga,2.03,0.69,75.45
26,21,Athletic Bilbao,Spanish Primera Division,1.84,0.56,75.43
27,24,FC Porto,Portuguese Liga,2.02,0.69,75.33
28,27,Feyenoord,Dutch Eredivisie,2.31,0.9,75.13
29,30,AC Milan,Italy Serie A,2.13,0.78,74.93
30,33,Marseille,French Ligue 1,2.09,0.78,74.36
31,28,Mainz,German Bundesliga,2.16,0.83,74.33
32,35,VfL Wolfsburg,German Bundesliga,2.15,0.84,74.01
33,41,Real Sociedad,Spanish Primera Division,1.73,0.55,73.98
34,32,Brentford,Barclays Premier League,2.05,0.77,73.95
35,31,FC Salzburg,Austrian T-Mobile Bundesliga,2.09,0.81,73.54
36,34,PSV,Dutch Eredivisie,2.37,1.03,73.42
37,39,Lyon,French Ligue 1,2.04,0.81,73.02
38,42,Fiorentina,Italy Serie A,2.06,0.82,72.96
39,38,Juventus,Italy Serie A,1.95,0.74,72.92
40,40,Crystal Palace,Barclays Premier League,1.8,0.65,72.59
41,46,Villarreal,Spanish Primera Division,2.09,0.86,72.43
42,43,Lens,French Ligue 1,1.86,0.7,72.39
43,37,Celta Vigo,Spanish Primera Division,1.85,0.7,72.31
44,44,Tottenham Hotspur,Barclays Premier League,2.22,0.97,72.16
45,36,West Ham United,Barclays Premier League,1.98,0.83,71.41
46,49,Atalanta,Italy Serie A,2.05,0.91,70.76
47,48,Stade Rennes,French Ligue 1,1.91,0.82,70.21
48,53,Sevilla FC,Spanish Primera Division,1.8,0.76,69.98
49,47,Eintracht Frankfurt,German Bundesliga,1.96,0.88,69.92
50,45,Flamengo,Brasileiro Série A,1.96,0.88,69.75
51,50,Palmeiras,Brasileiro Série A,1.86,0.82,69.39
52,52,FC Cologne,German Bundesliga,1.88,0.85,69.18
53,54,FC Twente,Dutch Eredivisie,2.0,0.98,68.43
54,55,Girona FC,Spanish Primera Division,1.88,0.88,68.41
55,58,Rangers,Scottish Premiership,2.17,1.13,67.83
56,59,SC Freiburg,German Bundesliga,1.91,0.94,67.42
57,62,VfB Stuttgart,German Bundesliga,1.95,0.99,67.08
58,57,Lazio,Italy Serie A,1.72,0.81,66.99
59,75,Young Boys,Swiss Raiffeisen Super League,2.27,1.26,66.8
60,60,Borussia Monchengladbach,German Bundesliga,2.0,1.05,66.7
61,56,Leicester City,Barclays Premier League,1.92,0.98,66.69
62,69,Fulham,Barclays Premier League,1.78,0.88,66.48
63,51,AS Monaco,French Ligue 1,2.05,1.1,66.45
64,76,Nice,French Ligue 1,1.64,0.78,66.27
65,67,1. FC Union Berlin,German Bundesliga,1.66,0.79,66.25
66,65,Atletico Mineiro,Brasileiro Série A,1.65,0.79,66.09
67,61,Valencia,Spanish Primera Division,1.68,0.83,65.77
68,70,Reims,French Ligue 1,1.7,0.87,65.22
69,66,Mallorca,Spanish Primera Division,1.59,0.78,65.08
70,63,Real Betis,Spanish Primera Division,1.73,0.9,64.94
71,73,AZ,Dutch Eredivisie,1.88,1.03,64.92
72,64,Osasuna,Spanish Primera Division,1.58,0.79,64.73
73,77,TSG Hoffenheim,German Bundesliga,1.92,1.07,64.7
74,80,Monterrey,Mexican Primera Division Torneo Clausura,1.75,0.93,64.69
75,74,Torino,Italy Serie A,1.62,0.82,64.67
76,79,Braga,Portuguese Liga,1.77,0.96,64.33
77,83,Fenerbahce,Turkish Turkcell Super Lig,2.11,1.25,64.31
78,68,Rayo Vallecano,Spanish Primera Division,1.66,0.88,64.14
79,72,Galatasaray,Turkish Turkcell Super Lig,1.94,1.14,63.5
80,89,Genk,Belgian Jupiler League,2.11,1.29,63.29
81,84,Slavia Prague,UEFA Europa Conference League,1.83,1.06,63.09
82,88,Sassuolo,Italy Serie A,1.86,1.09,63.06
83,94,Besiktas,Turkish Turkcell Super Lig,1.8,1.04,63.0
84,71,Wolverhampton,Barclays Premier League,1.63,0.9,62.92
85,81,Werder Bremen,German Bundesliga,1.94,1.17,62.77
86,86,Strasbourg,French Ligue 1,1.78,1.04,62.63
87,85,Club América,Mexican Primera Division Torneo Clausura,1.84,1.09,62.55
88,78,Getafe,Spanish Primera Division,1.5,0.82,62.26
89,82,Udinese,Italy Serie A,1.8,1.07,62.25
90,90,Dinamo Zagreb,UEFA Champions League,1.8,1.09,61.85
91,91,Bologna,Italy Serie A,1.69,1.0,61.84
92,95,Burnley,English League Championship,1.49,0.84,61.36
93,104,Olympiacos,Greek Super League,1.75,1.08,61.08
94,87,Bodo/Glimt,Norwegian Tippeligaen,2.03,1.33,60.92
95,111,AFC Bournemouth,Barclays Premier League,1.75,1.09,60.82
96,99,Everton,Barclays Premier League,1.72,1.1,60.1
97,93,Leeds United,Barclays Premier League,1.84,1.21,59.94
98,121,AEK Athens,Greek Super League,1.59,0.98,59.92
99,92,Southampton,Barclays Premier League,1.61,1.01,59.73
100,96,River Plate,Argentina Primera Division,1.56,0.98,59.54
101,102,Monza,Italy Serie A,1.65,1.07,59.27
102,128,Montpellier,French Ligue 1,1.63,1.05,59.15
103,112,FC Augsburg,German Bundesliga,1.81,1.21,59.09
104,100,Club Brugge,Belgian Jupiler League,1.7,1.13,59.02
105,101,Espanyol,Spanish Primera Division,1.65,1.08,58.9
106,105,Antwerp,Belgian Jupiler League,1.48,0.93,58.86
107,106,Union Saint Gilloise,Belgian Jupiler League,1.88,1.3,58.73
108,103,Toulouse,French Ligue 1,1.67,1.11,58.73
109,120,Lecce,Italy Serie A,1.43,0.89,58.7
110,110,Clermont Foot,French Ligue 1,1.5,0.96,58.69
111,113,Schalke 04,German Bundesliga,1.68,1.12,58.68
112,124,KAA Gent,Belgian Jupiler League,1.72,1.16,58.55
113,125,CSKA Moscow,Russian Premier Liga,1.54,0.99,58.55
114,107,Slovácko,UEFA Europa Conference League,1.77,1.21,58.54
115,108,Red Star Belgrade,UEFA Europa League,1.75,1.19,58.52
116,109,Adana Demirspor,Turkish Turkcell Super Lig,1.79,1.22,58.45
117,97,Fluminense,Brasileiro Série A,1.61,1.08,58.22
118,98,FC Copenhagen,Danish SAS-Ligaen,1.58,1.05,58.1
119,122,Cadiz,Spanish Primera Division,1.51,0.99,57.89
120,117,Los Angeles FC,Major League Soccer,1.73,1.2,57.77
121,114,São Paulo,Brasileiro Série A,1.52,1.02,57.66
122,115,Internacional,Brasileiro Série A,1.5,1.0,57.66
123,119,Shakhtar Donetsk,UEFA Europa League,1.77,1.24,57.61
124,123,Vitesse,Dutch Eredivisie,1.61,1.11,57.31
125,118,Middlesbrough,English League Championship,1.71,1.21,57.05
126,127,SK Sturm Graz,Austrian T-Mobile Bundesliga,1.58,1.11,56.69
127,116,Tigres UANL,Mexican Primera Division Torneo Clausura,1.45,1.01,56.16
128,126,Hertha Berlin,German Bundesliga,1.66,1.21,56.11
129,129,Luton Town,English League Championship,1.4,0.97,56.09
130,138,Nottingham Forest,Barclays Premier League,1.58,1.15,55.8
131,146,Lorient,French Ligue 1,1.51,1.08,55.8
132,154,Elche,Spanish Primera Division,1.57,1.14,55.71
133,130,FC Utrecht,Dutch Eredivisie,1.71,1.27,55.69
134,142,Sheffield United,English League Championship,1.48,1.07,55.53
135,137,Pachuca,Mexican Primera Division Torneo Clausura,1.59,1.17,55.43
136,131,VfL Bochum,German Bundesliga,1.82,1.4,55.14
137,132,Sparta,Dutch Eredivisie,1.67,1.26,55.1
138,135,Almeria,Spanish Primera Division,1.71,1.3,55.07
139,134,Viktoria Plzen,UEFA Champions League,1.82,1.41,54.85
140,136,Ferencvaros,UEFA Europa League,1.61,1.22,54.55
141,133,Spartak Moscow,Russian Premier Liga,1.68,1.3,54.49
142,139,Verona,Italy Serie A,1.44,1.07,54.33
143,140,Corinthians,Brasileiro Série A,1.35,0.99,54.23
144,161,Ipswich Town,English League One,1.62,1.26,54.22
145,147,Real Valladolid,Spanish Primera Division,1.6,1.26,53.61
146,164,FC Midtjylland,Danish SAS-Ligaen,1.53,1.21,53.28
147,145,Nantes,French Ligue 1,1.47,1.15,53.28
148,175,Fortaleza,Brasileiro Série A,1.43,1.11,53.25
149,148,Dynamo Kiev,UEFA Europa League,1.51,1.19,53.06
150,143,Vizela,Portuguese Liga,1.36,1.06,52.88
151,149,Brest,French Ligue 1,1.43,1.13,52.79
152,150,Philadelphia Union,Major League Soccer,1.64,1.34,52.68
153,185,LASK Linz,Austrian T-Mobile Bundesliga,1.64,1.34,52.51
154,166,Toluca,Mexican Primera Division Torneo Clausura,1.61,1.32,52.48
155,153,Anderlecht,Belgian Jupiler League,1.46,1.18,52.32
156,144,Vasco da Gama,Brasileiro Série A,1.49,1.21,52.27
157,155,Guadalajara,Mexican Primera Division Torneo Clausura,1.47,1.19,52.22
158,183,León,Mexican Primera Division Torneo Clausura,1.35,1.07,52.16
159,156,NEC,Dutch Eredivisie,1.56,1.28,52.12
160,157,SC Dnipro-1,UEFA Europa Conference League,1.55,1.28,52.11
161,152,Santos,Brasileiro Série A,1.38,1.1,52.11
162,158,Lech Poznan,UEFA Europa Conference League,1.42,1.15,52.07
163,160,Swansea City,English League Championship,1.46,1.19,52.01
164,151,FC Krasnodar,Russian Premier Liga,1.67,1.41,51.89
165,165,Atlético Paranaense,Brasileiro Série A,1.38,1.12,51.89
166,162,Steaua Bucuresti,UEFA Europa Conference League,1.5,1.24,51.89
167,163,Yokohama F. Marinos,Japanese J League,1.65,1.38,51.86
168,184,Botafogo,Brasileiro Série A,1.39,1.12,51.86
169,174,Famalicao,Portuguese Liga,1.41,1.16,51.64
170,170,FC Sheriff Tiraspol,UEFA Europa League,1.51,1.27,51.36
171,171,FK Partizan Belgrade,UEFA Europa Conference League,1.41,1.17,51.22
172,141,Molde,Norwegian Tippeligaen,1.69,1.46,51.09
173,167,Gil Vicente,Portuguese Liga,1.35,1.13,50.86
174,168,Empoli,Italy Serie A,1.46,1.24,50.85
175,186,Vissel Kobe,Japanese J League,1.48,1.27,50.66
176,178,Guimaraes,Portuguese Liga,1.22,1.02,50.4
177,180,Cruz Azul,Mexican Primera Division Torneo Clausura,1.33,1.13,50.33
178,182,Heerenveen,Dutch Eredivisie,1.64,1.45,50.27
179,177,Atlas,Mexican Primera Division Torneo Clausura,1.41,1.22,50.17
180,187,Coventry City,English League Championship,1.34,1.15,50.13
181,172,Metz,French Ligue 2,1.32,1.14,50.01
182,173,PAOK Salonika,Greek Super League,1.43,1.25,49.9
183,188,Panathinaikos,Greek Super League,1.04,0.85,49.8
184,159,Dinamo Moscow,Russian Premier Liga,1.51,1.35,49.74
185,176,Auxerre,French Ligue 1,1.33,1.16,49.7
186,198,Millwall,English League Championship,1.3,1.12,49.69
187,207,Lokomotiv Moscow,Russian Premier Liga,1.52,1.36,49.68
188,181,Trabzonspor,Turkish Turkcell Super Lig,1.58,1.42,49.63
189,190,Go Ahead Eagles,Dutch Eredivisie,1.61,1.46,49.49
190,169,Bragantino,Brasileiro Série A,1.41,1.25,49.42
191,191,FK Austria Vienna,Austrian T-Mobile Bundesliga,1.68,1.53,49.41
192,192,FK Qarabag,UEFA Europa League,1.41,1.25,49.41
193,193,Maccabi Haifa,UEFA Champions League,1.69,1.54,49.35
194,179,Fatih Karagümrük,Turkish Turkcell Super Lig,1.81,1.66,49.32
195,197,Rostov,Russian Premier Liga,1.47,1.32,49.31
196,202,Rapid Vienna,Austrian T-Mobile Bundesliga,1.55,1.41,49.22
197,194,Hapoel Be'er,UEFA Europa Conference League,1.49,1.34,49.22
198,199,Chaves,Portuguese Liga,1.37,1.23,49.05
199,195,Atlanta United FC,Major League Soccer,1.57,1.44,48.91
200,206,Rio Ave,Portuguese Liga,1.24,1.1,48.86
201,196,New York City FC,Major League Soccer,1.44,1.32,48.78
202,201,Urawa Red Diamonds,Japanese J League,1.36,1.23,48.63
203,189,Stoke City,English League Championship,1.27,1.14,48.63
204,203,Standard Liege,Belgian Jupiler League,1.5,1.39,48.38
205,200,West Bromwich Albion,English League Championship,1.33,1.22,48.31
206,209,Salernitana,Italy Serie A,1.46,1.35,48.24
207,205,Cremonese,Italy Serie A,1.48,1.4,47.77
208,210,Istanbul Basaksehir,Turkish Turkcell Super Lig,1.29,1.21,47.66
209,213,Santos Laguna,Mexican Primera Division Torneo Clausura,1.53,1.45,47.63
210,219,Konyaspor,Turkish Turkcell Super Lig,1.34,1.26,47.58
211,204,FC Arouca,Portuguese Liga,1.19,1.11,47.5
212,208,Cercle Brugge,Belgian Jupiler League,1.42,1.35,47.46
213,217,Seattle Sounders FC,Major League Soccer,1.38,1.31,47.38
214,220,Talleres de Córdoba,Argentina Primera Division,1.25,1.17,47.34
215,218,Spezia,Italy Serie A,1.45,1.39,47.31
216,223,Boavista,Portuguese Liga,1.31,1.24,47.14
217,221,América Mineiro,Brasileiro Série A,1.34,1.28,47.05
218,214,Argentinos Juniors,Argentina Primera Division,1.22,1.15,47.01
219,215,Rosenborg,Norwegian Tippeligaen,1.59,1.56,46.88
220,224,Frosinone,Italy Serie B,1.17,1.11,46.81
221,216,Genoa,Italy Serie B,1.07,1.0,46.67
222,211,KVC Westerlo,Belgian Jupiler League,1.51,1.49,46.4
223,237,Kawasaki Frontale,Japanese J League,1.5,1.48,46.36
224,233,Aris Salonika,Greek Super League,1.32,1.29,46.34
225,212,Terek Grozny,Russian Premier Liga,1.24,1.21,46.24
226,228,Boca Juniors,Argentina Primera Division,1.19,1.16,46.18
227,226,Angers,French Ligue 1,1.35,1.33,46.16
228,245,Viborg,Danish SAS-Ligaen,1.33,1.31,46.04
229,229,FC Cincinnati,Major League Soccer,1.52,1.52,45.98
230,247,Malmo FF,Swedish Allsvenskan,1.45,1.45,45.94
231,239,Bahía,Brasileiro Série A,1.28,1.27,45.94
232,243,Bordeaux,French Ligue 2,1.22,1.2,45.8
233,231,RKC,Dutch Eredivisie,1.57,1.6,45.56
234,222,Sampdoria,Italy Serie A,1.42,1.44,45.52
235,225,Norwich City,English League Championship,1.24,1.24,45.49
236,248,New York Red Bulls,Major League Soccer,1.18,1.18,45.42
237,236,Sunderland,English League Championship,1.34,1.36,45.34
238,262,Basel,Swiss Raiffeisen Super League,1.35,1.37,45.28
239,230,AC Ajaccio,French Ligue 1,1.16,1.16,45.27
240,235,Casa Pia,Portuguese Liga,1.17,1.19,45.12
241,249,San Lorenzo,Argentina Primera Division,1.0,1.0,45.0
242,246,Grêmio,Brasileiro Série A,1.3,1.33,44.98
243,258,Estudiantes,Argentina Primera Division,1.15,1.17,44.9
244,261,Cruzeiro,Brasileiro Série A,1.25,1.28,44.88
245,241,AEK Larnaca,UEFA Europa League,1.16,1.18,44.76
246,234,Portimonense,Portuguese Liga,1.24,1.28,44.75
247,242,Apollon Limassol,UEFA Europa Conference League,1.21,1.24,44.74
248,238,Watford,English League Championship,1.26,1.31,44.51
249,244,St Etienne,French Ligue 2,1.43,1.5,44.41
250,254,Gazovik Orenburg,Russian Premier Liga,1.46,1.54,44.22
251,252,OH Leuven,Belgian Jupiler League,1.44,1.53,44.15
252,227,FC Nordsjaelland,Danish SAS-Ligaen,1.29,1.36,44.09
253,251,Los Angeles Galaxy,Major League Soccer,1.48,1.58,43.95
254,265,Defensa y Justicia,Argentina Primera Division,1.17,1.24,43.75
255,255,Hearts,Scottish Premiership,1.43,1.54,43.75
256,257,BK Hacken,Swedish Allsvenskan,1.62,1.74,43.66
257,264,Tigre,Argentina Primera Division,1.21,1.29,43.5
258,250,Sivasspor,Turkish Turkcell Super Lig,1.36,1.47,43.46
259,256,Bristol City,English League Championship,1.16,1.24,43.3
260,240,Columbus Crew,Major League Soccer,1.34,1.45,43.22
261,259,Vancouver Whitecaps,Major League Soccer,1.33,1.45,43.04
262,260,CFR 1907 Cluj,UEFA Europa Conference League,1.22,1.33,42.98
263,253,Velez Sarsfield,Argentina Primera Division,1.03,1.11,42.9
264,263,FC Dallas,Major League Soccer,1.25,1.39,42.6
265,268,Tenerife,Spanish Segunda Division,0.95,1.04,42.34
266,336,FC Lugano,Swiss Raiffeisen Super League,1.34,1.51,42.17
267,281,Sochi,Russian Premier Liga,1.27,1.43,42.08
268,272,Kayserispor,Turkish Turkcell Super Lig,1.52,1.71,42.06
269,270,Cagliari,Italy Serie B,1.09,1.22,42.03
270,275,Nashville SC,Major League Soccer,1.17,1.32,41.93
271,284,Le Havre,French Ligue 2,0.88,0.99,41.9
272,282,FC St. Pauli,German 2. Bundesliga,1.27,1.45,41.79
273,305,AGF Aarhus,Danish SAS-Ligaen,0.97,1.1,41.7
274,274,Ludogorets,UEFA Europa League,1.3,1.49,41.66
275,277,Toronto FC,Major League Soccer,1.35,1.54,41.66
276,297,Levante,Spanish Segunda Division,1.01,1.14,41.63
277,280,Blackburn,English League Championship,1.05,1.2,41.56
278,307,Puebla,Mexican Primera Division Torneo Clausura,1.32,1.52,41.4
279,289,Maritimo,Portuguese Liga,1.24,1.43,41.34
280,267,Randers FC,Danish SAS-Ligaen,1.26,1.46,41.31
281,276,New England Revolution,Major League Soccer,1.34,1.54,41.28
282,337,Kashima Antlers,Japanese J League,1.23,1.42,41.23
283,273,Bari,Italy Serie B,1.14,1.32,41.16
284,300,Sanfrecce Hiroshima,Japanese J League,1.19,1.38,41.14
285,283,Racing Club,Argentina Primera Division,1.19,1.38,41.1
286,287,FC Groningen,Dutch Eredivisie,1.31,1.53,41.08
287,232,Sporting de Charleroi,Belgian Jupiler League,1.32,1.54,41.06
288,290,Hibernian,Scottish Premiership,1.28,1.49,40.99
289,291,Aberdeen,Scottish Premiership,1.26,1.47,40.98
290,271,FC Luzern,Swiss Raiffeisen Super League,1.43,1.67,40.95
291,292,St. Truidense,Belgian Jupiler League,1.08,1.26,40.92
292,293,FC Volendam,Dutch Eredivisie,1.43,1.67,40.92
293,310,Antalyaspor,Turkish Turkcell Super Lig,1.3,1.52,40.74
294,319,Wolfsberger AC,Austrian T-Mobile Bundesliga,1.48,1.73,40.74
295,278,Pumas Unam,Mexican Primera Division Torneo Clausura,1.25,1.47,40.73
296,279,St Gallen,Swiss Raiffeisen Super League,1.51,1.77,40.72
297,266,Troyes,French Ligue 1,1.38,1.62,40.71
298,286,WSG Swarovski Wattens,Austrian T-Mobile Bundesliga,1.38,1.63,40.69
299,306,Estoril Praia,Portuguese Liga,1.12,1.33,40.65
300,285,Cuiaba,Brasileiro Série A,1.12,1.32,40.62
301,299,Mamelodi Sundowns,South African ABSA Premier League,1.03,1.22,40.56
302,301,Lanus,Argentina Primera Division,1.15,1.36,40.49
303,302,Fortuna Sittard,Dutch Eredivisie,1.4,1.66,40.36
304,328,SC Paderborn,German 2. Bundesliga,1.37,1.63,40.2
305,296,Barnsley,English League One,1.39,1.66,40.18
306,288,Hamburg SV,German 2. Bundesliga,1.48,1.76,40.12
307,269,Sochaux,French Ligue 2,1.18,1.43,40.03
308,314,Goiás,Brasileiro Série A,1.14,1.37,40.02
309,298,Preston North End,English League Championship,1.15,1.38,39.99
310,295,Karlsruher SC,German 2. Bundesliga,1.43,1.72,39.89
311,303,Parma,Italy Serie B,1.1,1.34,39.86
312,317,Pacos Ferreira,Portuguese Liga,1.12,1.36,39.85
313,330,Nagoya Grampus Eight,Japanese J League,1.04,1.26,39.85
314,315,Alanyaspor,Turkish Turkcell Super Lig,1.42,1.71,39.8
315,325,Atlético San Luis,Mexican Primera Division Torneo Clausura,1.15,1.41,39.48
316,321,Coritiba,Brasileiro Série A,1.13,1.39,39.44
317,371,F.B.C Unione Venezia,Italy Serie B,1.2,1.47,39.35
318,339,Portland Timbers,Major League Soccer,1.36,1.68,39.23
319,329,IF Elfsborg,Swedish Allsvenskan,1.23,1.52,39.22
320,294,Silkeborg,Danish SAS-Ligaen,1.41,1.73,39.21
321,352,Brondby,Danish SAS-Ligaen,1.28,1.58,39.2
322,346,SV Darmstadt 98,German 2. Bundesliga,1.19,1.48,39.13
323,320,Emmen,Dutch Eredivisie,1.27,1.57,39.13
324,322,Kasimpasa,Turkish Turkcell Super Lig,1.26,1.57,39.07
325,309,Necaxa,Mexican Primera Division Torneo Clausura,1.05,1.32,39.03
326,318,Hammarby,Swedish Allsvenskan,1.37,1.7,39.02
327,344,Fortuna Düsseldorf,German 2. Bundesliga,1.28,1.59,38.98
328,324,Huracán,Argentina Primera Division,0.98,1.23,38.96
329,332,Orlando City SC,Major League Soccer,1.24,1.55,38.91
330,331,Omonia Nicosia,UEFA Europa League,1.25,1.57,38.72
331,311,Granada,Spanish Segunda Division,0.94,1.2,38.69
332,316,Alavés,Spanish Segunda Division,0.9,1.14,38.58
333,349,1. FC Heidenheim 1846,German 2. Bundesliga,1.19,1.5,38.55
334,313,Chicago Fire,Major League Soccer,1.27,1.6,38.53
335,334,Minnesota United FC,Major League Soccer,1.23,1.55,38.48
336,338,San Jose Earthquakes,Major League Soccer,1.32,1.67,38.4
337,327,Caen,French Ligue 2,1.14,1.45,38.4
338,308,FC Andorra,Spanish Segunda Division,0.91,1.17,38.3
339,312,Tijuana,Mexican Primera Division Torneo Clausura,1.18,1.5,38.27
340,358,Lillestrom,Norwegian Tippeligaen,1.34,1.71,38.18
341,326,Cardiff City,English League Championship,1.06,1.37,38.12
342,341,Motherwell,Scottish Premiership,1.2,1.54,38.09
343,342,Slovan Bratislava,UEFA Europa Conference League,1.12,1.44,38.09
344,340,Birmingham,English League Championship,1.04,1.35,38.07
345,398,KV Mechelen,Belgian Jupiler League,1.45,1.85,37.86
346,343,Austin FC,Major League Soccer,1.28,1.64,37.84
347,333,Real Zaragoza,Spanish Segunda Division,0.91,1.19,37.79
348,335,Santa Clara,Portuguese Liga,1.04,1.37,37.73
349,370,Sheffield Wednesday,English League One,1.17,1.52,37.69
350,323,Colon Santa Fe,Argentina Primera Division,1.08,1.42,37.66
351,348,Hull City,English League Championship,1.05,1.37,37.63
352,356,FC Juárez,Mexican Primera Division Torneo Clausura,1.02,1.36,37.41
353,353,Colorado Rapids,Major League Soccer,1.18,1.55,37.39
354,347,Rosario Central,Argentina Primera Division,1.08,1.43,37.3
355,376,Montreal Impact,Major League Soccer,1.19,1.58,37.1
356,373,CA Independiente,Argentina Primera Division,0.96,1.3,37.07
357,364,Paris FC,French Ligue 2,1.11,1.48,37.05
358,351,Bastia,French Ligue 2,0.98,1.32,36.91
359,367,Las Palmas,Spanish Segunda Division,0.91,1.24,36.87
360,354,Albacete,Spanish Segunda Division,1.09,1.47,36.83
361,366,Ural Sverdlovsk Oblast,Russian Premier Liga,0.99,1.35,36.54
362,304,FC Zurich,Swiss Raiffeisen Super League,1.25,1.68,36.52
363,355,Cerezo Osaka,Japanese J League,1.07,1.46,36.47
364,359,Ankaragucu,Turkish Turkcell Super Lig,1.09,1.49,36.29
365,363,Newell's Old Boys,Argentina Primera Division,0.83,1.17,36.15
366,381,Melbourne City,Australian A-League,1.39,1.89,35.78
367,369,Odense BK,Danish SAS-Ligaen,1.25,1.72,35.76
368,365,Austria Lustenau,Austrian T-Mobile Bundesliga,1.21,1.67,35.68
369,350,Sporting Kansas City,Major League Soccer,1.02,1.44,35.67
370,360,Querétaro,Mexican Primera Division Torneo Clausura,0.98,1.39,35.65
371,357,Krylia Sovetov,Russian Premier Liga,0.99,1.4,35.64
372,377,Wigan,English League Championship,0.95,1.35,35.55
373,362,Pisa,Italy Serie B,0.94,1.34,35.48
374,345,Grasshoppers Zürich,Swiss Raiffeisen Super League,1.38,1.9,35.48
375,388,DC United,Major League Soccer,1.16,1.63,35.31
376,361,Djurgardens IF,Swedish Allsvenskan,1.1,1.56,35.3
377,409,Viking FK,Norwegian Tippeligaen,1.38,1.91,35.23
378,415,Servette,Swiss Raiffeisen Super League,1.18,1.66,35.22
379,395,Inter Miami CF,Major League Soccer,1.15,1.63,35.17
380,390,Guingamp,French Ligue 2,1.07,1.52,35.13
381,385,Eibar,Spanish Segunda Division,0.83,1.21,35.13
382,368,FC Tokyo,Japanese J League,1.09,1.56,35.1
383,372,Banfield,Argentina Primera Division,0.88,1.3,34.79
384,375,Sarmiento,Argentina Primera Division,1.02,1.49,34.73
385,379,Como,Italy Serie B,1.06,1.53,34.69
386,401,Queens Park Rangers,English League Championship,1.04,1.53,34.31
387,386,St Mirren,Scottish Premiership,0.99,1.47,34.27
388,407,Atlético Tucumán,Argentina Primera Division,0.92,1.39,34.17
389,389,Houston Dynamo,Major League Soccer,1.14,1.67,34.06
390,399,Godoy Cruz,Argentina Primera Division,0.97,1.45,34.05
391,384,Valerenga,Norwegian Tippeligaen,1.25,1.82,33.99
392,392,Mazatlán FC,Mexican Primera Division Torneo Clausura,1.12,1.66,33.88
393,374,Belgrano Cordoba,Argentina Primera Division,0.93,1.41,33.87
394,396,Instituto,Argentina Primera Division,0.99,1.49,33.86
395,404,Consadole Sapporo,Japanese J League,1.33,1.92,33.84
396,380,Charlotte FC,Major League Soccer,1.17,1.72,33.79
397,393,Ballkani,UEFA Europa Conference League,1.2,1.76,33.76
398,414,Huddersfield Town,English League Championship,0.99,1.49,33.69
399,382,Platense,Argentina Primera Division,0.86,1.33,33.6
400,403,AaB,Danish SAS-Ligaen,1.06,1.59,33.59
401,383,SpVgg Greuther Fürth,German 2. Bundesliga,1.07,1.6,33.59
402,394,Sudtirol,Italy Serie B,0.75,1.19,33.49
403,400,FC Cartagena,Spanish Segunda Division,0.92,1.42,33.44
404,391,Real Oviedo,Spanish Segunda Division,0.77,1.22,33.42
405,387,Gimnasia La Plata,Argentina Primera Division,0.93,1.44,33.4
406,408,Sporting Gijón,Spanish Segunda Division,0.84,1.32,33.27
407,427,SK Brann,Norwegian Tippeligaen,1.11,1.69,33.08
408,378,SK Austria Klagenfurt,Austrian T-Mobile Bundesliga,1.27,1.89,33.05
409,405,Rotherham United,English League Championship,0.98,1.52,32.91
410,402,Kalmar FF,Swedish Allsvenskan,0.95,1.48,32.8
411,406,Odd BK,Norwegian Tippeligaen,1.0,1.57,32.56
412,410,Excelsior,Dutch Eredivisie,1.19,1.82,32.53
413,412,Cambuur Leeuwarden,Dutch Eredivisie,1.22,1.86,32.47
414,440,Fakel Voronezh,Russian Premier Liga,1.03,1.62,32.47
415,397,Holstein Kiel,German 2. Bundesliga,1.29,1.96,32.28
416,416,Rigas Futbola Skola,UEFA Europa Conference League,1.16,1.8,32.23
417,426,Bolton,English League One,0.84,1.38,32.13
418,421,Istanbulspor,Turkish Turkcell Super Lig,1.15,1.8,32.08
419,411,Umraniyespor,Turkish Turkcell Super Lig,1.12,1.76,32.07
420,413,Arminia Bielefeld,German 2. Bundesliga,1.18,1.84,31.95
421,419,Union Santa Fe,Argentina Primera Division,0.91,1.48,31.94
422,423,Palermo,Italy Serie B,1.01,1.63,31.86
423,438,Grenoble,French Ligue 2,0.71,1.21,31.83
424,417,Real Salt Lake,Major League Soccer,1.07,1.71,31.75
425,418,Blackpool,English League Championship,1.06,1.71,31.51
426,424,1. FC Kaiserslautern,German 2. Bundesliga,0.97,1.59,31.48
427,420,Derby County,English League One,0.99,1.62,31.41
428,422,US Quevilly,French Ligue 2,0.83,1.41,31.39
429,430,Hartberg,Austrian T-Mobile Bundesliga,1.12,1.79,31.33
430,425,Sarpsborg,Norwegian Tippeligaen,1.07,1.73,31.31
431,453,Mirandes,Spanish Segunda Division,0.9,1.51,31.09
432,433,Leganes,Spanish Segunda Division,0.74,1.3,31.0
433,432,Zalgiris Vilnius,UEFA Europa Conference League,1.1,1.79,30.99
434,428,FK Nizhny Novgorod,Russian Premier Liga,0.92,1.56,30.73
435,437,Racing Santander,Spanish Segunda Division,0.82,1.43,30.72
436,429,Plymouth Argyle,English League One,0.99,1.65,30.68
437,436,Málaga,Spanish Segunda Division,0.77,1.35,30.64
438,434,Reading,English League Championship,0.93,1.59,30.57
439,439,FC Vaduz,Swiss Raiffeisen Super League,0.96,1.63,30.56
440,441,KV Kortrijk,Belgian Jupiler League,1.08,1.8,30.4
441,443,Dundee Utd,Scottish Premiership,0.94,1.6,30.39
442,435,Villarreal B,Spanish Segunda Division,0.86,1.51,30.21
443,445,SD Huesca,Spanish Segunda Division,0.73,1.32,30.1
444,457,Ascoli,Italy Serie B,0.85,1.5,30.05
445,448,Perugia,Italy Serie B,0.8,1.44,29.9
446,449,IFK Norrkoping,Swedish Allsvenskan,1.05,1.79,29.84
447,470,Dijon FCO,French Ligue 2,0.84,1.49,29.8
448,455,Barracas Central,Argentina Primera Division,0.81,1.45,29.77
449,450,Avispa Fukuoka,Japanese J League,0.87,1.55,29.65
450,454,Rodez,French Ligue 2,0.77,1.41,29.59
451,451,Central Córdoba Santiago del Estero,Argentina Primera Division,0.83,1.5,29.54
452,460,Tromso,Norwegian Tippeligaen,0.94,1.66,29.47
453,447,Lyngby,Danish SAS-Ligaen,0.91,1.61,29.43
454,442,St. Louis CITY SC,Major League Soccer,1.02,1.77,29.42
455,456,Livingston,Scottish Premiership,0.91,1.63,29.19
456,446,Peterborough United,English League One,0.98,1.74,29.13
457,452,AIK,Swedish Allsvenskan,0.92,1.66,28.89
458,467,Burgos,Spanish Segunda Division,0.72,1.38,28.69
459,459,Arsenal Sarandi,Argentina Primera Division,0.87,1.6,28.58
460,463,HJK Helsinki,UEFA Europa League,0.94,1.71,28.47
461,444,Shonan Bellmare,Japanese J League,0.9,1.67,28.42
462,464,Reggina,Italy Serie B,0.89,1.65,28.4
463,478,OFI Crete,Greek Super League,0.87,1.63,28.22
464,466,Guangzhou Evergrande,Chinese Super League,1.08,1.93,28.19
465,458,Kyoto Purple Sanga,Japanese J League,0.83,1.58,28.11
466,462,Sagan Tosu,Japanese J League,0.87,1.64,28.1
467,461,Pau,French Ligue 2,0.78,1.5,28.09
468,471,FC Sion,Swiss Raiffeisen Super League,1.16,2.04,28.07
469,431,Modena,Italy Serie B,0.88,1.66,27.99
470,469,SV Zulte Waregem,Belgian Jupiler League,1.35,2.32,27.95
471,472,Portsmouth,English League One,0.79,1.53,27.95
472,473,Amiens,French Ligue 2,0.81,1.55,27.92
473,475,SV Ried,Austrian T-Mobile Bundesliga,0.93,1.75,27.68
474,474,Ternana,Italy Serie B,0.85,1.64,27.5
475,514,Stabaek,Norwegian Tippeligaen,0.92,1.77,27.14
476,468,Valenciennes,French Ligue 2,0.85,1.66,27.05
477,465,FC Khimki,Russian Premier Liga,0.96,1.83,26.95
478,477,St Johnstone,Scottish Premiership,0.83,1.64,26.9
479,492,Nimes,French Ligue 2,0.91,1.77,26.85
480,489,Central Coast Mariners,Australian A-League,1.15,2.12,26.77
481,480,Spal,Italy Serie B,0.83,1.66,26.74
482,495,Kashiwa Reysol,Japanese J League,0.84,1.68,26.7
483,494,Hannover 96,German 2. Bundesliga,1.03,1.96,26.7
484,486,Sydney FC,Australian A-League,1.1,2.06,26.57
485,483,Kilmarnock,Scottish Premiership,0.86,1.71,26.51
486,484,Gazisehir Gaziantep,Turkish Turkcell Super Lig,0.92,1.81,26.46
487,482,Giresunspor,Turkish Turkcell Super Lig,0.95,1.85,26.38
488,479,Torpedo Moskow,Russian Premier Liga,0.79,1.63,26.33
489,487,AC Horsens,Danish SAS-Ligaen,1.01,1.94,26.28
490,488,Ross County,Scottish Premiership,0.82,1.67,26.16
491,481,Louisville City FC,United Soccer League,0.88,1.78,26.05
492,490,Western Sydney FC,Australian A-League,0.99,1.95,25.94
493,506,SD Ponferradina,Spanish Segunda Division,0.73,1.56,25.88
494,502,Cittadella,Italy Serie B,0.66,1.45,25.76
495,503,Charlton Athletic,English League One,0.96,1.92,25.67
496,508,1. FC Magdeburg,German 2. Bundesliga,0.99,1.96,25.67
497,476,Cashpoint SC Rheindorf Altach,Austrian T-Mobile Bundesliga,0.91,1.84,25.65
498,498,UD Ibiza,Spanish Segunda Division,0.78,1.66,25.47
499,510,Benevento,Italy Serie B,0.69,1.53,25.46
500,491,Atromitos,Greek Super League,0.69,1.52,25.43
501,505,Jahn Regensburg,German 2. Bundesliga,0.83,1.77,24.99
502,507,Beijing Guoan,Chinese Super League,0.98,1.99,24.95
503,501,Orlando Pirates,South African ABSA Premier League,0.68,1.53,24.93
504,513,Brescia,Italy Serie B,0.79,1.71,24.79
505,493,Stromsgodset,Norwegian Tippeligaen,0.98,2.01,24.77
506,500,Albirex Niigata,Japanese J League,0.83,1.81,24.45
507,516,San Diego Loyal SC,United Soccer League,0.93,1.96,24.4
508,499,San Antonio FC,United Soccer League,0.76,1.7,24.32
509,504,1. FC Nürnberg,German 2. Bundesliga,0.75,1.68,24.3
510,515,Shanghai SIPG,Chinese Super League,0.9,1.92,24.26
511,511,Haugesund,Norwegian Tippeligaen,0.89,1.91,24.12
512,512,Arizona United,United Soccer League,0.93,1.99,23.98
513,485,Wycombe Wanderers,English League One,0.74,1.69,23.85
514,517,IFK Goteborg,Swedish Allsvenskan,0.81,1.8,23.85
515,520,Pyunik Yerevan,UEFA Europa Conference League,0.87,1.9,23.79
516,524,Sacramento Republic FC,United Soccer League,0.79,1.79,23.55
517,497,Gamba Osaka,Japanese J League,0.82,1.86,23.32
518,509,Winterthur,Swiss Raiffeisen Super League,0.87,1.94,23.19
519,525,KV Oostende,Belgian Jupiler League,1.02,2.18,23.17
520,518,Laval,French Ligue 2,0.78,1.81,23.14
521,531,Annecy,French Ligue 2,0.81,1.85,23.04
522,519,Hamarkamaratene,Norwegian Tippeligaen,0.87,1.97,22.93
523,522,Adelaide United,Australian A-League,1.11,2.34,22.84
524,521,Eintracht Braunschweig,German 2. Bundesliga,0.84,1.94,22.75
525,523,Asteras Tripolis,Greek Super League,0.53,1.42,22.69
526,529,Hansa Rostock,German 2. Bundesliga,0.75,1.8,22.56
527,496,Volos NFC,Greek Super League,0.73,1.78,22.52
528,527,Mjallby,Swedish Allsvenskan,0.69,1.72,22.2
529,533,Eupen,Belgian Jupiler League,0.98,2.19,22.18
530,528,Lincoln City,English League One,0.62,1.61,22.15
531,535,Giannina,Greek Super League,0.66,1.68,22.09
532,530,Fleetwood Town,English League One,0.69,1.75,21.72
533,526,Exeter City,English League One,0.81,1.95,21.66
534,534,Melbourne Victory,Australian A-League,0.77,1.9,21.65
535,553,Sandefjord,Norwegian Tippeligaen,0.88,2.08,21.58
536,545,Oxford United,English League One,0.65,1.71,21.48
537,537,Colorado Springs Switchbacks FC,United Soccer League,0.73,1.86,21.22
538,539,Shamrock Rovers,UEFA Europa Conference League,0.69,1.84,20.63
539,551,Tampa Bay Rowdies,United Soccer League,0.71,1.87,20.62
540,540,Cosenza,Italy Serie B,0.57,1.66,20.27
541,542,Lugo,Spanish Segunda Division,0.55,1.62,20.16
542,544,RFC Seraing,Belgian Jupiler League,0.75,1.98,20.07
543,536,SuperSport United,South African ABSA Premier League,0.51,1.56,20.04
544,543,Panetolikos,Greek Super League,0.72,1.92,20.02
545,532,Aalesund,Norwegian Tippeligaen,0.69,1.87,20.0
546,554,Salford City,English League Two,0.88,2.21,19.84
547,564,Stellenbosch FC,South African ABSA Premier League,0.65,1.83,19.77
548,549,Black Aces,South African ABSA Premier League,0.6,1.75,19.68
549,568,Stockport County,English League Two,0.59,1.73,19.66
550,538,Shrewsbury Town,English League One,0.67,1.88,19.6
551,558,Degerfors IF,Swedish Allsvenskan,0.75,2.01,19.5
552,541,Niort,French Ligue 2,0.65,1.85,19.43
553,548,Burton Albion,English League One,0.8,2.12,19.39
554,550,SV Sandhausen,German 2. Bundesliga,0.75,2.04,19.17
555,547,Orange County SC,United Soccer League,0.73,2.02,19.13
556,557,Memphis 901 FC,United Soccer League,0.77,2.09,19.02
557,552,IK Sirius,Swedish Allsvenskan,0.62,1.84,18.91
558,546,Ionikos FC,Greek Super League,0.53,1.69,18.71
559,555,Shandong Luneng,Chinese Super League,0.82,2.22,18.5
560,556,Hatayspor,Turkish Turkcell Super Lig,0.75,2.1,18.49
561,560,Levadiakos,Greek Super League,0.55,1.75,18.48
562,559,Jiangsu Suning FC,Chinese Super League,0.71,2.04,18.37
563,574,Milton Keynes Dons,English League One,0.62,1.91,18.13
564,562,IFK Värnamo,Swedish Allsvenskan,0.63,1.92,18.06
565,576,Cheltenham Town,English League One,0.65,1.97,18.04
566,570,New Mexico United,United Soccer League,0.67,2.01,17.94
567,563,Birmingham Legion FC,United Soccer League,0.72,2.11,17.86
568,561,Kaizer Chiefs,South African ABSA Premier League,0.53,1.78,17.5
569,569,Wellington Phoenix,Australian A-League,0.83,2.35,17.11
570,566,Yokohama FC,Japanese J League,0.69,2.12,17.08
571,565,Mansfield Town,English League Two,0.67,2.13,16.59
572,581,Western United,Australian A-League,0.77,2.3,16.55
573,571,El Paso Locomotive FC,United Soccer League,0.64,2.09,16.31
574,573,Miami FC,United Soccer League,0.53,1.91,16.06
575,572,Bristol Rovers,English League One,0.59,2.02,16.04
576,586,Brommapojkarna,Swedish Allsvenskan,0.6,2.06,15.87
577,567,Halmstads BK,Swedish Allsvenskan,0.6,2.06,15.85
578,577,Brisbane Roar,Australian A-League,0.6,2.07,15.7
579,587,AmaZulu,South African ABSA Premier League,0.41,1.71,15.6
580,575,Oakland Roots,United Soccer League,0.59,2.06,15.51
581,588,Bradford City,English League Two,0.49,1.88,15.42
582,580,Port Vale,English League One,0.61,2.12,15.35
583,578,Newcastle Jets,Australian A-League,0.68,2.28,15.09
584,582,Pittsburgh Riverhounds,United Soccer League,0.48,1.89,15.05
585,579,Varbergs BoIS FC,Swedish Allsvenskan,0.57,2.07,15.02
586,585,Lamia,Greek Super League,0.43,1.82,14.76
587,584,Charleston Battery,United Soccer League,0.57,2.17,14.11
588,592,Royal AM,South African ABSA Premier League,0.54,2.12,14.04
589,593,TS Galaxy,South African ABSA Premier League,0.28,1.59,13.69
590,589,Swindon Town,English League Two,0.55,2.18,13.5
591,583,Leyton Orient,English League Two,0.38,1.85,13.34
592,594,Carlisle United,English League Two,0.4,1.89,13.33
593,600,Morecambe,English League One,0.55,2.21,13.26
594,591,Golden Arrows,South African ABSA Premier League,0.51,2.14,13.23
595,595,Hartford Athletic,United Soccer League,0.64,2.41,13.04
596,598,Newport County,English League Two,0.47,2.08,12.98
597,590,Perth Glory,Australian A-League,0.58,2.3,12.88
598,601,Cambridge United,English League One,0.42,2.03,12.37
599,596,Northampton Town,English League Two,0.35,1.91,12.02
600,606,Stevenage,English League Two,0.36,1.94,11.96
601,603,Tshakhuma Tsha Madzivhandila,South African ABSA Premier League,0.29,1.81,11.8
602,604,Tianjin Teda,Chinese Super League,0.5,2.26,11.8
603,599,Macarthur FC,Australian A-League,0.63,2.55,11.67
604,597,Colchester United,English League Two,0.32,1.88,11.58
605,613,Harrogate Town,English League Two,0.56,2.45,11.29
606,607,Shanghai Greenland,Chinese Super League,0.56,2.47,11.13
607,605,Monterey Bay,United Soccer League,0.44,2.23,11.05
608,602,Sekhukhune United,South African ABSA Premier League,0.2,1.66,11.03
609,608,Rio Grande Valley FC Toros,United Soccer League,0.37,2.07,10.97
610,611,Indy Eleven,United Soccer League,0.41,2.22,10.53
611,612,Hebei China Fortune FC,Chinese Super League,0.5,2.43,10.52
612,614,Henan Jianye,Chinese Super League,0.46,2.36,10.34
613,610,Tulsa Roughnecks,United Soccer League,0.45,2.34,10.33
614,617,Dalian Aerbin,Chinese Super League,0.51,2.51,9.96
615,609,Detroit City FC,United Soccer League,0.29,2.03,9.78
616,615,Gillingham,English League Two,0.28,1.99,9.76
617,618,Guangzhou RF,Chinese Super League,0.66,2.86,9.74
618,623,Moroka Swallows,South African ABSA Premier League,0.21,1.86,9.48
619,619,Wuhan Zall,Chinese Super League,0.39,2.32,9.4
620,625,Las Vegas Lights FC,United Soccer League,0.36,2.26,9.36
621,616,Chippa United,South African ABSA Premier League,0.27,2.05,9.21
622,620,Loudoun United FC,United Soccer League,0.4,2.37,9.12
623,622,Richards Bay,South African ABSA Premier League,0.2,1.89,8.99
624,621,Accrington Stanley,English League One,0.34,2.3,8.72
625,636,Rochdale,English League Two,0.37,2.42,8.39
626,624,Maritzburg Utd,South African ABSA Premier League,0.2,2.01,8.22
627,626,Grimsby Town,English League Two,0.27,2.2,8.11
628,628,Tranmere Rovers,English League Two,0.2,2.02,8.03
629,629,Tianjin Quanujian,Chinese Super League,0.37,2.51,7.83
630,627,Barrow,English League Two,0.2,2.06,7.76
631,630,Shenzhen FC,Chinese Super League,0.4,2.6,7.73
632,635,Crewe Alexandra,English League Two,0.25,2.2,7.69
633,632,Chongqing Lifan,Chinese Super League,0.3,2.35,7.66
634,633,AFC Wimbledon,English League Two,0.28,2.31,7.52
635,634,Walsall,English League Two,0.2,2.1,7.5
636,640,Hartlepool,English League Two,0.36,2.6,7.06
637,631,Sutton United,English League Two,0.23,2.27,6.93
638,639,Doncaster Rovers,English League Two,0.2,2.31,6.28
639,637,Forest Green Rovers,English League One,0.2,2.36,6.0
640,638,Crawley Town,English League Two,0.2,2.4,5.82
641,641,Guizhou Renhe,Chinese Super League,0.2,2.61,4.86
